card	id	name	bind-regions	draws-the-design-of
stationery::Business Card	business-cards-1	Classic Clean	10	its own artwork (legacy id — no content route)
stationery::Business Card	business-cards-2	Bold Gradient	10	its own artwork (legacy id — no content route)
stationery::Business Card	business-cards-3	Lux Gold	10	its own artwork (legacy id — no content route)
stationery::Business Card	business-cards-4	Minimalist Edge	10	its own artwork (legacy id — no content route)
stationery::Business Card	business-cards-5	Modern Geo	10	its own artwork (legacy id — no content route)
stationery::Business Card	business-cards-6	Vintage Craft	10	its own artwork (legacy id — no content route)
stationery::Business Card	business-cards-7	Photo Blend	10	its own artwork (legacy id — no content route)
stationery::Business Card	business-cards-8	Bold Stripe	10	its own artwork (legacy id — no content route)
stationery::Business Card	business-cards-9	Pixel Grid	10	its own artwork (legacy id — no content route)
stationery::Business Card	business-cards-10	Neo Brutalist	10	its own artwork (legacy id — no content route)
stationery::Business Card	business-cards-11	Tarot Style	10	its own artwork (legacy id — no content route)
stationery::Business Card	business-cards-12	Dark Elegant	10	its own artwork (legacy id — no content route)
stationery::Letterhead	letterhead-ext-31	Wave 2 · 01	9	letterhead-ext-1
stationery::Letterhead	letterhead-ext-32	Wave 2 · 02	9	letterhead-ext-2
stationery::Letterhead	letterhead-ext-33	Wave 2 · 03	8	letterhead-ext-3
stationery::Letterhead	letterhead-ext-34	Wave 2 · 04	8	letterhead-ext-4
stationery::Letterhead	letterhead-ext-35	Wave 2 · 05	8	letterhead-ext-5
stationery::Letterhead	letterhead-ext-36	Wave 2 · 06	9	letterhead-ext-6
stationery::Letterhead	letterhead-ext-37	Wave 2 · 07	8	letterhead-ext-7
stationery::Letterhead	letterhead-ext-38	Wave 2 · 08	8	letterhead-ext-8
stationery::Letterhead	letterhead-ext-39	Wave 2 · 09	8	letterhead-ext-9
stationery::Letterhead	letterhead-ext-40	Wave 2 · 10	8	letterhead-ext-10
stationery::Letterhead	letterhead-ext-41	Wave 2 · 11	8	letterhead-ext-11
stationery::Letterhead	letterhead-ext-42	Wave 2 · 12	8	letterhead-ext-12
stationery::Letterhead	letterhead-ext-43	Wave 2 · 13	8	letterhead-ext-13
stationery::Letterhead	letterhead-ext-44	Wave 2 · 14	8	letterhead-ext-14
stationery::Letterhead	letterhead-ext-45	Wave 2 · 15	9	letterhead-ext-15
stationery::Letterhead	letterhead-ext-46	Wave 2 · 16	8	letterhead-ext-16
stationery::Letterhead	letterhead-ext-47	Wave 2 · 17	9	letterhead-ext-17
stationery::Letterhead	letterhead-ext-48	Wave 2 · 18	8	letterhead-ext-18
stationery::Letterhead	letterhead-ext-49	Wave 2 · 19	9	letterhead-ext-19
stationery::Letterhead	letterhead-ext-50	Wave 2 · 20	9	letterhead-ext-20
stationery::Letterhead	letterhead-ext-51	Wave 2 · 21	8	letterhead-ext-21
stationery::Letterhead	letterhead-ext-52	Wave 2 · 22	8	letterhead-ext-22
stationery::Letterhead	letterhead-ext-53	Wave 2 · 23	8	letterhead-ext-23
stationery::Letterhead	letterhead-ext-54	Wave 2 · 24	8	letterhead-ext-24
stationery::Letterhead	letterhead-ext-55	Wave 2 · 25	8	letterhead-ext-25
stationery::Letterhead	letterhead-ext-56	Wave 2 · 26	8	letterhead-ext-26
stationery::Letterhead	letterhead-ext-57	Wave 2 · 27	9	letterhead-ext-27
stationery::Letterhead	letterhead-ext-58	Wave 2 · 28	8	letterhead-ext-28
stationery::Letterhead	letterhead-ext-59	Wave 2 · 29	8	letterhead-ext-29
stationery::Letterhead	letterhead-ext-60	Wave 2 · 30	8	letterhead-ext-30
stationery::Letterhead	letterhead-ext-61	Wave 2 · 31	9	letterhead-ext-1
stationery::Letterhead	letterhead-ext-62	Wave 2 · 32	9	letterhead-ext-2
stationery::Letterhead	letterhead-ext-63	Wave 2 · 33	8	letterhead-ext-3
stationery::Letterhead	letterhead-ext-64	Wave 2 · 34	8	letterhead-ext-4
stationery::Letterhead	letterhead-ext-65	Wave 2 · 35	8	letterhead-ext-5
stationery::Letterhead	letterhead-ext-66	Wave 2 · 36	9	letterhead-ext-6
stationery::Letterhead	letterhead-ext-67	Wave 2 · 37	8	letterhead-ext-7
stationery::Letterhead	letterhead-ext-68	Wave 2 · 38	8	letterhead-ext-8
stationery::Letterhead	letterhead-ext-69	Wave 2 · 39	8	letterhead-ext-9
stationery::Letterhead	letterhead-ext-70	Wave 2 · 40	8	letterhead-ext-10
stationery::Letterhead	letterhead-ext-71	Wave 2 · 41	8	letterhead-ext-11
stationery::Letterhead	letterhead-ext-72	Wave 2 · 42	8	letterhead-ext-12
stationery::Letterhead	letterhead-ext-73	Wave 2 · 43	8	letterhead-ext-13
stationery::Letterhead	letterhead-ext-74	Wave 2 · 44	8	letterhead-ext-14
stationery::Letterhead	letterhead-ext-75	Wave 2 · 45	9	letterhead-ext-15
stationery::Letterhead	letterhead-ext-76	Wave 2 · 46	8	letterhead-ext-16
stationery::Letterhead	letterhead-ext-77	Wave 2 · 47	9	letterhead-ext-17
stationery::Letterhead	letterhead-ext-78	Wave 2 · 48	8	letterhead-ext-18
stationery::Letterhead	letterhead-ext-79	Wave 2 · 49	9	letterhead-ext-19
stationery::Letterhead	letterhead-ext-80	Wave 2 · 50	9	letterhead-ext-20
stationery::Letterhead	letterhead-ext-81	Wave 2 · 51	8	letterhead-ext-21
stationery::Letterhead	letterhead-ext-82	Wave 2 · 52	8	letterhead-ext-22
stationery::Letterhead	letterhead-ext-83	Wave 2 · 53	8	letterhead-ext-23
stationery::Letterhead	letterhead-ext-84	Wave 2 · 54	8	letterhead-ext-24
stationery::Letterhead	letterhead-ext-85	Wave 2 · 55	8	letterhead-ext-25
stationery::Letterhead	letterhead-ext-86	Wave 2 · 56	8	letterhead-ext-26
stationery::Letterhead	letterhead-ext-87	Wave 2 · 57	9	letterhead-ext-27
stationery::Letterhead	letterhead-ext-88	Wave 2 · 58	8	letterhead-ext-28
stationery::Letterhead	letterhead-ext-89	Wave 2 · 59	8	letterhead-ext-29
stationery::Letterhead	letterhead-ext-90	Wave 2 · 60	8	letterhead-ext-30
stationery::Letterhead	letterhead-ext-91	Wave 2 · 61	9	letterhead-ext-1
stationery::Letterhead	letterhead-ext-92	Wave 2 · 62	9	letterhead-ext-2
stationery::Letterhead	letterhead-ext-93	Wave 2 · 63	8	letterhead-ext-3
stationery::Letterhead	letterhead-ext-94	Wave 2 · 64	8	letterhead-ext-4
stationery::Letterhead	letterhead-ext-95	Wave 2 · 65	8	letterhead-ext-5
stationery::Letterhead	letterhead-ext-96	Wave 2 · 66	9	letterhead-ext-6
stationery::Letterhead	letterhead-ext-97	Wave 2 · 67	8	letterhead-ext-7
stationery::Letterhead	letterhead-ext-98	Wave 2 · 68	8	letterhead-ext-8
stationery::Letterhead	letterhead-ext-99	Wave 2 · 69	8	letterhead-ext-9
stationery::Letterhead	letterhead-ext-100	Wave 2 · 70	8	letterhead-ext-10
stationery::Letterhead	letterhead-ext-101	Wave 2 · 71	8	letterhead-ext-11
stationery::Letterhead	letterhead-ext-102	Wave 2 · 72	8	letterhead-ext-12
stationery::Letterhead	letterhead-ext-103	Wave 2 · 73	8	letterhead-ext-13
stationery::Letterhead	letterhead-ext-104	Wave 2 · 74	8	letterhead-ext-14
stationery::Letterhead	letterhead-ext-105	Wave 2 · 75	9	letterhead-ext-15
stationery::Letterhead	letterhead-ext-106	Wave 2 · 76	8	letterhead-ext-16
stationery::Letterhead	letterhead-ext-107	Wave 2 · 77	9	letterhead-ext-17
stationery::Letterhead	letterhead-ext-108	Wave 2 · 78	8	letterhead-ext-18
stationery::Letterhead	letterhead-ext-109	Wave 2 · 79	9	letterhead-ext-19
stationery::Letterhead	letterhead-ext-110	Wave 2 · 80	9	letterhead-ext-20
stationery::Letterhead	letterhead-ext-111	Wave 2 · 81	8	letterhead-ext-21
stationery::Letterhead	letterhead-ext-112	Wave 2 · 82	8	letterhead-ext-22
stationery::Letterhead	letterhead-ext-113	Wave 2 · 83	8	letterhead-ext-23
stationery::Letterhead	letterhead-ext-114	Wave 2 · 84	8	letterhead-ext-24
stationery::Letterhead	letterhead-ext-115	Wave 2 · 85	8	letterhead-ext-25
stationery::Letterhead	letterhead-ext-116	Wave 2 · 86	8	letterhead-ext-26
stationery::Letterhead	letterhead-ext-117	Wave 2 · 87	9	letterhead-ext-27
stationery::Letterhead	letterhead-ext-118	Wave 2 · 88	8	letterhead-ext-28
stationery::Letterhead	letterhead-ext-119	Wave 2 · 89	8	letterhead-ext-29
stationery::Letterhead	letterhead-ext-120	Wave 2 · 90	8	letterhead-ext-30
stationery::Letterhead	letterhead-ext-121	Wave 2 · 91	9	letterhead-ext-1
stationery::Letterhead	letterhead-ext-122	Wave 2 · 92	9	letterhead-ext-2
stationery::Letterhead	letterhead-ext-123	Wave 2 · 93	8	letterhead-ext-3
stationery::Letterhead	letterhead-ext-124	Wave 2 · 94	8	letterhead-ext-4
stationery::Letterhead	letterhead-ext-125	Wave 2 · 95	8	letterhead-ext-5
stationery::Letterhead	letterhead-ext-126	Wave 2 · 96	9	letterhead-ext-6
stationery::Letterhead	letterhead-ext-127	Wave 2 · 97	8	letterhead-ext-7
stationery::Letterhead	letterhead-ext-128	Wave 2 · 98	8	letterhead-ext-8
stationery::Letterhead	letterhead-ext-129	Wave 2 · 99	8	letterhead-ext-9
stationery::Letterhead	letterhead-ext-130	Wave 2 · 100	8	letterhead-ext-10
stationery::Envelope	envelope-ext-31	Wave 2 · 01	7	envelope-ext-1
stationery::Envelope	envelope-ext-32	Wave 2 · 02	7	envelope-ext-1
stationery::Envelope	envelope-ext-33	Wave 2 · 03	7	envelope-ext-1
stationery::Envelope	envelope-ext-34	Wave 2 · 04	7	envelope-ext-1
stationery::Envelope	envelope-ext-35	Wave 2 · 05	7	envelope-ext-1
stationery::Envelope	envelope-ext-36	Wave 2 · 06	7	envelope-ext-1
stationery::Envelope	envelope-ext-37	Wave 2 · 07	7	envelope-ext-1
stationery::Envelope	envelope-ext-38	Wave 2 · 08	7	envelope-ext-1
stationery::Envelope	envelope-ext-39	Wave 2 · 09	7	envelope-ext-1
stationery::Envelope	envelope-ext-40	Wave 2 · 10	7	envelope-ext-1
stationery::Envelope	envelope-ext-41	Wave 2 · 11	7	envelope-ext-1
stationery::Envelope	envelope-ext-42	Wave 2 · 12	7	envelope-ext-1
stationery::Envelope	envelope-ext-43	Wave 2 · 13	7	envelope-ext-1
stationery::Envelope	envelope-ext-44	Wave 2 · 14	7	envelope-ext-1
stationery::Envelope	envelope-ext-45	Wave 2 · 15	7	envelope-ext-1
stationery::Envelope	envelope-ext-46	Wave 2 · 16	7	envelope-ext-1
stationery::Envelope	envelope-ext-47	Wave 2 · 17	7	envelope-ext-1
stationery::Envelope	envelope-ext-48	Wave 2 · 18	7	envelope-ext-1
stationery::Envelope	envelope-ext-49	Wave 2 · 19	7	envelope-ext-1
stationery::Envelope	envelope-ext-50	Wave 2 · 20	7	envelope-ext-1
stationery::Envelope	envelope-ext-51	Wave 2 · 21	7	envelope-ext-1
stationery::Envelope	envelope-ext-52	Wave 2 · 22	7	envelope-ext-1
stationery::Envelope	envelope-ext-53	Wave 2 · 23	7	envelope-ext-1
stationery::Envelope	envelope-ext-54	Wave 2 · 24	7	envelope-ext-1
stationery::Envelope	envelope-ext-55	Wave 2 · 25	7	envelope-ext-1
stationery::Envelope	envelope-ext-56	Wave 2 · 26	7	envelope-ext-1
stationery::Envelope	envelope-ext-57	Wave 2 · 27	7	envelope-ext-1
stationery::Envelope	envelope-ext-58	Wave 2 · 28	7	envelope-ext-1
stationery::Envelope	envelope-ext-59	Wave 2 · 29	7	envelope-ext-1
stationery::Envelope	envelope-ext-60	Wave 2 · 30	7	envelope-ext-1
stationery::Envelope	envelope-ext-61	Wave 2 · 31	7	envelope-ext-1
stationery::Envelope	envelope-ext-62	Wave 2 · 32	7	envelope-ext-1
stationery::Envelope	envelope-ext-63	Wave 2 · 33	7	envelope-ext-1
stationery::Envelope	envelope-ext-64	Wave 2 · 34	7	envelope-ext-1
stationery::Envelope	envelope-ext-65	Wave 2 · 35	7	envelope-ext-1
stationery::Envelope	envelope-ext-66	Wave 2 · 36	7	envelope-ext-1
stationery::Envelope	envelope-ext-67	Wave 2 · 37	7	envelope-ext-1
stationery::Envelope	envelope-ext-68	Wave 2 · 38	7	envelope-ext-1
stationery::Envelope	envelope-ext-69	Wave 2 · 39	7	envelope-ext-1
stationery::Envelope	envelope-ext-70	Wave 2 · 40	7	envelope-ext-1
stationery::Envelope	envelope-ext-71	Wave 2 · 41	7	envelope-ext-1
stationery::Envelope	envelope-ext-72	Wave 2 · 42	7	envelope-ext-1
stationery::Envelope	envelope-ext-73	Wave 2 · 43	7	envelope-ext-1
stationery::Envelope	envelope-ext-74	Wave 2 · 44	7	envelope-ext-1
stationery::Envelope	envelope-ext-75	Wave 2 · 45	7	envelope-ext-1
stationery::Envelope	envelope-ext-76	Wave 2 · 46	7	envelope-ext-1
stationery::Envelope	envelope-ext-77	Wave 2 · 47	7	envelope-ext-1
stationery::Envelope	envelope-ext-78	Wave 2 · 48	7	envelope-ext-1
stationery::Envelope	envelope-ext-79	Wave 2 · 49	7	envelope-ext-1
stationery::Envelope	envelope-ext-80	Wave 2 · 50	7	envelope-ext-1
stationery::Envelope	envelope-ext-81	Wave 2 · 51	7	envelope-ext-1
stationery::Envelope	envelope-ext-82	Wave 2 · 52	7	envelope-ext-1
stationery::Envelope	envelope-ext-83	Wave 2 · 53	7	envelope-ext-1
stationery::Envelope	envelope-ext-84	Wave 2 · 54	7	envelope-ext-1
stationery::Envelope	envelope-ext-85	Wave 2 · 55	7	envelope-ext-1
stationery::Envelope	envelope-ext-86	Wave 2 · 56	7	envelope-ext-1
stationery::Envelope	envelope-ext-87	Wave 2 · 57	7	envelope-ext-1
stationery::Envelope	envelope-ext-88	Wave 2 · 58	7	envelope-ext-1
stationery::Envelope	envelope-ext-89	Wave 2 · 59	7	envelope-ext-1
stationery::Envelope	envelope-ext-90	Wave 2 · 60	7	envelope-ext-1
stationery::Envelope	envelope-ext-91	Wave 2 · 61	7	envelope-ext-1
stationery::Envelope	envelope-ext-92	Wave 2 · 62	7	envelope-ext-1
stationery::Envelope	envelope-ext-93	Wave 2 · 63	7	envelope-ext-1
stationery::Envelope	envelope-ext-94	Wave 2 · 64	7	envelope-ext-1
stationery::Envelope	envelope-ext-95	Wave 2 · 65	7	envelope-ext-1
stationery::Envelope	envelope-ext-96	Wave 2 · 66	7	envelope-ext-1
stationery::Envelope	envelope-ext-97	Wave 2 · 67	7	envelope-ext-1
stationery::Envelope	envelope-ext-98	Wave 2 · 68	7	envelope-ext-1
stationery::Envelope	envelope-ext-99	Wave 2 · 69	7	envelope-ext-1
stationery::Envelope	envelope-ext-100	Wave 2 · 70	7	envelope-ext-1
stationery::Envelope	envelope-ext-101	Wave 2 · 71	7	envelope-ext-1
stationery::Envelope	envelope-ext-102	Wave 2 · 72	7	envelope-ext-1
stationery::Envelope	envelope-ext-103	Wave 2 · 73	7	envelope-ext-1
stationery::Envelope	envelope-ext-104	Wave 2 · 74	7	envelope-ext-1
stationery::Envelope	envelope-ext-105	Wave 2 · 75	7	envelope-ext-1
stationery::Envelope	envelope-ext-106	Wave 2 · 76	7	envelope-ext-1
stationery::Envelope	envelope-ext-107	Wave 2 · 77	7	envelope-ext-1
stationery::Envelope	envelope-ext-108	Wave 2 · 78	7	envelope-ext-1
stationery::Envelope	envelope-ext-109	Wave 2 · 79	7	envelope-ext-1
stationery::Envelope	envelope-ext-110	Wave 2 · 80	7	envelope-ext-1
stationery::Envelope	envelope-ext-111	Wave 2 · 81	7	envelope-ext-1
stationery::Envelope	envelope-ext-112	Wave 2 · 82	7	envelope-ext-1
stationery::Envelope	envelope-ext-113	Wave 2 · 83	7	envelope-ext-1
stationery::Envelope	envelope-ext-114	Wave 2 · 84	7	envelope-ext-1
stationery::Envelope	envelope-ext-115	Wave 2 · 85	7	envelope-ext-1
stationery::Envelope	envelope-ext-116	Wave 2 · 86	7	envelope-ext-1
stationery::Envelope	envelope-ext-117	Wave 2 · 87	7	envelope-ext-1
stationery::Envelope	envelope-ext-118	Wave 2 · 88	7	envelope-ext-1
stationery::Envelope	envelope-ext-119	Wave 2 · 89	7	envelope-ext-1
stationery::Envelope	envelope-ext-120	Wave 2 · 90	7	envelope-ext-1
stationery::Envelope	envelope-ext-121	Wave 2 · 91	7	envelope-ext-1
stationery::Envelope	envelope-ext-122	Wave 2 · 92	7	envelope-ext-1
stationery::Envelope	envelope-ext-123	Wave 2 · 93	7	envelope-ext-1
stationery::Envelope	envelope-ext-124	Wave 2 · 94	7	envelope-ext-1
stationery::Envelope	envelope-ext-125	Wave 2 · 95	7	envelope-ext-1
stationery::Envelope	envelope-ext-126	Wave 2 · 96	7	envelope-ext-1
stationery::Envelope	envelope-ext-127	Wave 2 · 97	7	envelope-ext-1
stationery::Envelope	envelope-ext-128	Wave 2 · 98	7	envelope-ext-1
stationery::Envelope	envelope-ext-129	Wave 2 · 99	7	envelope-ext-1
stationery::Envelope	envelope-ext-130	Wave 2 · 100	7	envelope-ext-1
stationery::Invoice	invoices-1	Clean Invoice	20	its own artwork (legacy id — no content route)
stationery::Invoice	invoices-2	Bold Invoice	20	its own artwork (legacy id — no content route)
stationery::Invoice	invoices-3	Minimalist Bill	20	its own artwork (legacy id — no content route)
stationery::Invoice	invoices-4	Modern Statement	20	its own artwork (legacy id — no content route)
stationery::Invoice	invoices-5	Vintage Receipt	20	its own artwork (legacy id — no content route)
stationery::Invoice	invoices-6	Neo Invoice	20	its own artwork (legacy id — no content route)
stationery::Invoice	invoices-7	Corporate Bill	20	its own artwork (legacy id — no content route)
stationery::Invoice	invoices-8	Elegant Statement	20	its own artwork (legacy id — no content route)
social::Profile	profile-icons-1	Circle Standard	4	profile-icons-ext-1
social::Profile	profile-icons-2	Rounded Square	4	profile-icons-ext-2
social::Profile	profile-icons-3	Circle Transparent	4	profile-icons-ext-3
social::Profile	profile-icons-4	Square Flat	4	profile-icons-ext-4
social::Profile	profile-icons-5	Circle Gradient	4	profile-icons-ext-5
social::Profile	profile-icons-6	Rounded Minimal	4	profile-icons-ext-6
social::Profile	profile-icons-7	Circle Bold	4	profile-icons-ext-7
social::Profile	profile-icons-8	Square Pattern	4	profile-icons-ext-8
social::Profile	profile-icons-9	Circle Outline	4	profile-icons-ext-9
social::Profile	profile-icons-10	Rounded Shadow	4	profile-icons-ext-10
social::Profile	profile-icons-11	Circle Inverse	4	profile-icons-ext-11
social::Profile	profile-icons-12	Square Inverse	4	profile-icons-ext-12
social::Cover	facebook-covers-1	Wide Gradient	7	facebook-covers-ext-1
social::Cover	facebook-covers-2	Minimal Banner	7	facebook-covers-ext-2
social::Cover	facebook-covers-3	Bold Statement	7	facebook-covers-ext-3
social::Cover	facebook-covers-4	Modern Wave	7	facebook-covers-ext-4
social::Cover	facebook-covers-5	Photo Blend	7	facebook-covers-ext-5
social::Cover	facebook-covers-6	Geometric Band	7	facebook-covers-ext-6
social::Cover	facebook-covers-7	Vintage Strip	7	facebook-covers-ext-7
social::Cover	facebook-covers-8	Neo Pattern	7	facebook-covers-ext-8
social::Post	instagram-posts-1	Tech Grid	7	instagram-posts-ext-1
social::Post	instagram-posts-2	Fashion Frame	7	instagram-posts-ext-2
social::Post	instagram-posts-3	Sport Action	7	instagram-posts-ext-3
social::Post	instagram-posts-4	Minimal Quote	7	instagram-posts-ext-4
social::Post	instagram-posts-5	Bold Statement	7	instagram-posts-ext-5
social::Post	instagram-posts-6	Food Mood	7	instagram-posts-ext-6
social::Post	instagram-posts-7	Real Estate	7	instagram-posts-ext-7
social::Post	instagram-posts-8	Neo Pattern	7	instagram-posts-ext-8
social::Post	instagram-posts-9	Photo Filter	7	instagram-posts-ext-9
social::Post	instagram-posts-10	Gradient Card	7	instagram-posts-ext-10
social::Story	instagram-stories-1	Story Minimal	7	instagram-stories-ext-1
social::Story	instagram-stories-2	Story Bold	7	instagram-stories-ext-2
social::Story	instagram-stories-3	Story Gradient	7	instagram-stories-ext-3
social::Story	instagram-stories-4	Story Photo	7	instagram-stories-ext-4
social::Story	instagram-stories-5	Story Modern	7	instagram-stories-ext-5
social::Story	instagram-stories-6	Story Vintage	7	instagram-stories-ext-6
social::Story	instagram-stories-7	Story Neo	7	instagram-stories-ext-7
social::Story	instagram-stories-8	Story Text	7	instagram-stories-ext-8
presentations::Pitch Deck	pres-pitch-ext-11	Pitch 11	4	pres-pitch-ext-1
presentations::Pitch Deck	pres-pitch-ext-12	Pitch 12	6	pres-pitch-ext-2
presentations::Pitch Deck	pres-pitch-ext-13	Pitch 13	6	pres-pitch-ext-3
presentations::Pitch Deck	pres-pitch-ext-14	Pitch 14	6	pres-pitch-ext-4
presentations::Pitch Deck	pres-pitch-ext-15	Pitch 15	6	pres-pitch-ext-5
presentations::Pitch Deck	pres-pitch-ext-16	Pitch 16	8	pres-pitch-ext-6
presentations::Pitch Deck	pres-pitch-ext-17	Pitch 17	6	pres-pitch-ext-7
presentations::Pitch Deck	pres-pitch-ext-18	Pitch 18	6	pres-pitch-ext-8
presentations::Pitch Deck	pres-pitch-ext-19	Pitch 19	8	pres-pitch-ext-9
presentations::Pitch Deck	pres-pitch-ext-20	Pitch 20	6	pres-pitch-ext-10
presentations::Pitch Deck	pres-pitch-ext-21	Pitch 21	4	pres-pitch-ext-1
presentations::Pitch Deck	pres-pitch-ext-22	Pitch 22	6	pres-pitch-ext-2
presentations::Pitch Deck	pres-pitch-ext-23	Pitch 23	6	pres-pitch-ext-3
presentations::Pitch Deck	pres-pitch-ext-24	Pitch 24	6	pres-pitch-ext-4
presentations::Pitch Deck	pres-pitch-ext-25	Pitch 25	6	pres-pitch-ext-5
presentations::Pitch Deck	pres-pitch-ext-26	Pitch 26	8	pres-pitch-ext-6
presentations::Pitch Deck	pres-pitch-ext-27	Pitch 27	6	pres-pitch-ext-7
presentations::Pitch Deck	pres-pitch-ext-28	Pitch 28	6	pres-pitch-ext-8
presentations::Pitch Deck	pres-pitch-ext-29	Pitch 29	8	pres-pitch-ext-9
presentations::Pitch Deck	pres-pitch-ext-30	Pitch 30	6	pres-pitch-ext-10
presentations::Business Plan	pres-plan-ext-11	Plan 11	4	pres-plan-ext-1
presentations::Business Plan	pres-plan-ext-12	Plan 12	6	pres-plan-ext-2
presentations::Business Plan	pres-plan-ext-13	Plan 13	6	pres-plan-ext-3
presentations::Business Plan	pres-plan-ext-14	Plan 14	6	pres-plan-ext-4
presentations::Business Plan	pres-plan-ext-15	Plan 15	6	pres-plan-ext-5
presentations::Business Plan	pres-plan-ext-16	Plan 16	8	pres-plan-ext-6
presentations::Business Plan	pres-plan-ext-17	Plan 17	6	pres-plan-ext-7
presentations::Business Plan	pres-plan-ext-18	Plan 18	6	pres-plan-ext-8
presentations::Business Plan	pres-plan-ext-19	Plan 19	8	pres-plan-ext-9
presentations::Business Plan	pres-plan-ext-20	Plan 20	6	pres-plan-ext-10
presentations::Business Plan	pres-plan-ext-21	Plan 21	4	pres-plan-ext-1
presentations::Business Plan	pres-plan-ext-22	Plan 22	6	pres-plan-ext-2
presentations::Business Plan	pres-plan-ext-23	Plan 23	6	pres-plan-ext-3
presentations::Business Plan	pres-plan-ext-24	Plan 24	6	pres-plan-ext-4
presentations::Business Plan	pres-plan-ext-25	Plan 25	6	pres-plan-ext-5
presentations::Business Plan	pres-plan-ext-26	Plan 26	8	pres-plan-ext-6
presentations::Business Plan	pres-plan-ext-27	Plan 27	6	pres-plan-ext-7
presentations::Business Plan	pres-plan-ext-28	Plan 28	6	pres-plan-ext-8
presentations::Business Plan	pres-plan-ext-29	Plan 29	8	pres-plan-ext-9
presentations::Business Plan	pres-plan-ext-30	Plan 30	6	pres-plan-ext-10
presentations::Proposal	pres-proposal-ext-11	Proposal 11	4	pres-proposal-ext-1
presentations::Proposal	pres-proposal-ext-12	Proposal 12	6	pres-proposal-ext-2
presentations::Proposal	pres-proposal-ext-13	Proposal 13	6	pres-proposal-ext-3
presentations::Proposal	pres-proposal-ext-14	Proposal 14	6	pres-proposal-ext-4
presentations::Proposal	pres-proposal-ext-15	Proposal 15	6	pres-proposal-ext-5
presentations::Proposal	pres-proposal-ext-16	Proposal 16	8	pres-proposal-ext-6
presentations::Proposal	pres-proposal-ext-17	Proposal 17	6	pres-proposal-ext-7
presentations::Proposal	pres-proposal-ext-18	Proposal 18	6	pres-proposal-ext-8
presentations::Proposal	pres-proposal-ext-19	Proposal 19	8	pres-proposal-ext-9
presentations::Proposal	pres-proposal-ext-20	Proposal 20	6	pres-proposal-ext-10
presentations::Proposal	pres-proposal-ext-21	Proposal 21	4	pres-proposal-ext-1
presentations::Proposal	pres-proposal-ext-22	Proposal 22	6	pres-proposal-ext-2
presentations::Proposal	pres-proposal-ext-23	Proposal 23	6	pres-proposal-ext-3
presentations::Proposal	pres-proposal-ext-24	Proposal 24	6	pres-proposal-ext-4
presentations::Proposal	pres-proposal-ext-25	Proposal 25	6	pres-proposal-ext-5
presentations::Proposal	pres-proposal-ext-26	Proposal 26	8	pres-proposal-ext-6
presentations::Proposal	pres-proposal-ext-27	Proposal 27	6	pres-proposal-ext-7
presentations::Proposal	pres-proposal-ext-28	Proposal 28	6	pres-proposal-ext-8
presentations::Proposal	pres-proposal-ext-29	Proposal 29	8	pres-proposal-ext-9
presentations::Proposal	pres-proposal-ext-30	Proposal 30	6	pres-proposal-ext-10
presentations::Case Studies	pres-case-ext-11	Case 11	4	pres-case-ext-1
presentations::Case Studies	pres-case-ext-12	Case 12	6	pres-case-ext-2
presentations::Case Studies	pres-case-ext-13	Case 13	6	pres-case-ext-3
presentations::Case Studies	pres-case-ext-14	Case 14	6	pres-case-ext-4
presentations::Case Studies	pres-case-ext-15	Case 15	6	pres-case-ext-5
presentations::Case Studies	pres-case-ext-16	Case 16	8	pres-case-ext-6
presentations::Case Studies	pres-case-ext-17	Case 17	6	pres-case-ext-7
presentations::Case Studies	pres-case-ext-18	Case 18	6	pres-case-ext-8
presentations::Case Studies	pres-case-ext-19	Case 19	8	pres-case-ext-9
presentations::Case Studies	pres-case-ext-20	Case 20	6	pres-case-ext-10
presentations::Case Studies	pres-case-ext-21	Case 21	4	pres-case-ext-1
presentations::Case Studies	pres-case-ext-22	Case 22	6	pres-case-ext-2
presentations::Case Studies	pres-case-ext-23	Case 23	6	pres-case-ext-3
presentations::Case Studies	pres-case-ext-24	Case 24	6	pres-case-ext-4
presentations::Case Studies	pres-case-ext-25	Case 25	6	pres-case-ext-5
presentations::Case Studies	pres-case-ext-26	Case 26	8	pres-case-ext-6
presentations::Case Studies	pres-case-ext-27	Case 27	6	pres-case-ext-7
presentations::Case Studies	pres-case-ext-28	Case 28	6	pres-case-ext-8
presentations::Case Studies	pres-case-ext-29	Case 29	8	pres-case-ext-9
presentations::Case Studies	pres-case-ext-30	Case 30	6	pres-case-ext-10
animations::Logo Reveal	anim-reveal-ext-11	Curtain Wipe	3	anim-reveal-ext-1
animations::Logo Reveal	anim-reveal-ext-12	Mask Up	3	anim-reveal-ext-1
animations::Logo Reveal	anim-reveal-ext-13	Scale In	3	anim-reveal-ext-1
animations::Logo Reveal	anim-reveal-ext-14	Stroke Draw	3	anim-reveal-ext-1
animations::Logo Reveal	anim-reveal-ext-15	Split Reveal	3	anim-reveal-ext-1
animations::Logo Reveal	anim-reveal-ext-16	Iris Open	3	anim-reveal-ext-1
animations::Logo Reveal	anim-reveal-ext-17	Type Rise	3	anim-reveal-ext-1
animations::Logo Reveal	anim-reveal-ext-18	Flash Bar	3	anim-reveal-ext-1
animations::Logo Reveal	anim-reveal-ext-19	Stack Build	3	anim-reveal-ext-1
animations::Logo Reveal	anim-reveal-ext-20	Focus In	3	anim-reveal-ext-1
animations::Logo Reveal	anim-reveal-ext-21	Curtain Wipe	3	anim-reveal-ext-1
animations::Logo Reveal	anim-reveal-ext-22	Mask Up	3	anim-reveal-ext-1
animations::Logo Reveal	anim-reveal-ext-23	Scale In	3	anim-reveal-ext-1
animations::Logo Reveal	anim-reveal-ext-24	Stroke Draw	3	anim-reveal-ext-1
animations::Logo Reveal	anim-reveal-ext-25	Split Reveal	3	anim-reveal-ext-1
animations::Logo Reveal	anim-reveal-ext-26	Iris Open	3	anim-reveal-ext-1
animations::Logo Reveal	anim-reveal-ext-27	Type Rise	3	anim-reveal-ext-1
animations::Logo Reveal	anim-reveal-ext-28	Flash Bar	3	anim-reveal-ext-1
animations::Logo Reveal	anim-reveal-ext-29	Stack Build	3	anim-reveal-ext-1
animations::Logo Reveal	anim-reveal-ext-30	Focus In	3	anim-reveal-ext-1
animations::Slide In	anim-slide-ext-11	From the Left	3	anim-slide-ext-1
animations::Slide In	anim-slide-ext-12	From the Right	3	anim-slide-ext-1
animations::Slide In	anim-slide-ext-13	From the Top	3	anim-slide-ext-1
animations::Slide In	anim-slide-ext-14	From the Bottom	3	anim-slide-ext-1
animations::Slide In	anim-slide-ext-15	Overshoot	3	anim-slide-ext-1
animations::Slide In	anim-slide-ext-16	Mark then Word	3	anim-slide-ext-1
animations::Slide In	anim-slide-ext-17	Push Across	3	anim-slide-ext-1
animations::Slide In	anim-slide-ext-18	Diagonal Drift	3	anim-slide-ext-1
animations::Slide In	anim-slide-ext-19	Cascade	3	anim-slide-ext-1
animations::Slide In	anim-slide-ext-20	Bar Swipe	3	anim-slide-ext-1
animations::Slide In	anim-slide-ext-21	From the Left	3	anim-slide-ext-1
animations::Slide In	anim-slide-ext-22	From the Right	3	anim-slide-ext-1
animations::Slide In	anim-slide-ext-23	From the Top	3	anim-slide-ext-1
animations::Slide In	anim-slide-ext-24	From the Bottom	3	anim-slide-ext-1
animations::Slide In	anim-slide-ext-25	Overshoot	3	anim-slide-ext-1
animations::Slide In	anim-slide-ext-26	Mark then Word	3	anim-slide-ext-1
animations::Slide In	anim-slide-ext-27	Push Across	3	anim-slide-ext-1
animations::Slide In	anim-slide-ext-28	Diagonal Drift	3	anim-slide-ext-1
animations::Slide In	anim-slide-ext-29	Cascade	3	anim-slide-ext-1
animations::Slide In	anim-slide-ext-30	Bar Swipe	3	anim-slide-ext-1
animations::Fade	anim-fade-ext-11	Fade In	3	anim-fade-ext-1
animations::Fade	anim-fade-ext-12	Fade Up	3	anim-fade-ext-1
animations::Fade	anim-fade-ext-13	Cross Dissolve	3	anim-fade-ext-1
animations::Fade	anim-fade-ext-14	Pulse	3	anim-fade-ext-1
animations::Fade	anim-fade-ext-15	Soft Glow	3	anim-fade-ext-1
animations::Fade	anim-fade-ext-16	Fade Through	3	anim-fade-ext-1
animations::Fade	anim-fade-ext-17	Stagger Fade	3	anim-fade-ext-1
animations::Fade	anim-fade-ext-18	Dissolve Grid	3	anim-fade-ext-1
animations::Fade	anim-fade-ext-19	Breathe	3	anim-fade-ext-1
animations::Fade	anim-fade-ext-20	Veil Lift	3	anim-fade-ext-1
animations::Fade	anim-fade-ext-21	Fade In	3	anim-fade-ext-1
animations::Fade	anim-fade-ext-22	Fade Up	3	anim-fade-ext-1
animations::Fade	anim-fade-ext-23	Cross Dissolve	3	anim-fade-ext-1
animations::Fade	anim-fade-ext-24	Pulse	3	anim-fade-ext-1
animations::Fade	anim-fade-ext-25	Soft Glow	3	anim-fade-ext-1
animations::Fade	anim-fade-ext-26	Fade Through	3	anim-fade-ext-1
animations::Fade	anim-fade-ext-27	Stagger Fade	3	anim-fade-ext-1
animations::Fade	anim-fade-ext-28	Dissolve Grid	3	anim-fade-ext-1
animations::Fade	anim-fade-ext-29	Breathe	3	anim-fade-ext-1
animations::Fade	anim-fade-ext-30	Veil Lift	3	anim-fade-ext-1
animations::Rotate	anim-rotate-ext-11	Spin In	3	anim-rotate-ext-1
animations::Rotate	anim-rotate-ext-12	Flip Horizontal	3	anim-rotate-ext-1
animations::Rotate	anim-rotate-ext-13	Flip Vertical	3	anim-rotate-ext-1
animations::Rotate	anim-rotate-ext-14	Tilt Settle	3	anim-rotate-ext-1
animations::Rotate	anim-rotate-ext-15	Orbit	3	anim-rotate-ext-1
animations::Rotate	anim-rotate-ext-16	Ring Spin	3	anim-rotate-ext-1
animations::Rotate	anim-rotate-ext-17	Coin Flip	3	anim-rotate-ext-1
animations::Rotate	anim-rotate-ext-18	Swing	3	anim-rotate-ext-1
animations::Rotate	anim-rotate-ext-19	Turn & Reveal	3	anim-rotate-ext-1
animations::Rotate	anim-rotate-ext-20	Sweep Dial	3	anim-rotate-ext-1
animations::Rotate	anim-rotate-ext-21	Spin In	3	anim-rotate-ext-1
animations::Rotate	anim-rotate-ext-22	Flip Horizontal	3	anim-rotate-ext-1
animations::Rotate	anim-rotate-ext-23	Flip Vertical	3	anim-rotate-ext-1
animations::Rotate	anim-rotate-ext-24	Tilt Settle	3	anim-rotate-ext-1
animations::Rotate	anim-rotate-ext-25	Orbit	3	anim-rotate-ext-1
animations::Rotate	anim-rotate-ext-26	Ring Spin	3	anim-rotate-ext-1
animations::Rotate	anim-rotate-ext-27	Coin Flip	3	anim-rotate-ext-1
animations::Rotate	anim-rotate-ext-28	Swing	3	anim-rotate-ext-1
animations::Rotate	anim-rotate-ext-29	Turn & Reveal	3	anim-rotate-ext-1
animations::Rotate	anim-rotate-ext-30	Sweep Dial	3	anim-rotate-ext-1
